,datetime,tide,val
0,202201010113  ,LW,  -88
1,202201010731  ,HW,   97
2,202201011348  ,LW,  -89
3,202201012001  ,HW,   90
4,202201020220  ,LW,  -96
5,202201020831  ,HW,   97
6,202201021447  ,LW,  -94
7,202201022058  ,HW,  101
8,202201030320  ,LW, -104
9,202201030928  ,HW,   95
10,202201031540  ,LW,  -98
11,202201032151  ,HW,  110
12,202201040414  ,LW, -109
13,202201041021  ,HW,   90
14,202201041628  ,LW, -101
15,202201042240  ,HW,  116
16,202201050503  ,LW, -112
17,202201051109  ,HW,   84
18,202201051714  ,LW, -104
19,202201052326  ,HW,  119
20,202201060548  ,LW, -111
21,202201061155  ,HW,   77
22,202201061757  ,LW, -106
23,202201070011  ,HW,  119
24,202201070633  ,LW, -107
25,202201071238  ,HW,   71
26,202201071839  ,LW, -105
27,202201080055  ,HW,  115
28,202201080716  ,LW,  -99
29,202201081320  ,HW,   65
30,202201081920  ,LW, -101
31,202201090141  ,HW,  109
32,202201090759  ,LW,  -90
33,202201091404  ,HW,   60
34,202201092003  ,LW,  -94
35,202201100227  ,HW,  100
36,202201100844  ,LW,  -80
37,202201101450  ,HW,   55
38,202201102048  ,LW,  -84
39,202201110317  ,HW,   89
40,202201110935  ,LW,  -71
41,202201111541  ,HW,   53
42,202201112144  ,LW,  -74
43,202201120413  ,HW,   80
44,202201121035  ,LW,  -65
45,202201121640  ,HW,   53
46,202201122255  ,LW,  -68
47,202201130518  ,HW,   74
48,202201131138  ,LW,  -65
49,202201131754  ,HW,   58
50,202201140005  ,LW,  -67
51,202201140629  ,HW,   72
52,202201141238  ,LW,  -69
53,202201141903  ,HW,   68
54,202201150109  ,LW,  -71
55,202201150728  ,HW,   74
56,202201151333  ,LW,  -76
57,202201151955  ,HW,   79
58,202201160204  ,LW,  -77
59,202201160816  ,HW,   77
60,202201161421  ,LW,  -82
61,202201162038  ,HW,   88
62,202201170251  ,LW,  -81
63,202201170857  ,HW,   78
64,202201171504  ,LW,  -87
65,202201172117  ,HW,   95
66,202201180333  ,LW,  -86
67,202201180935  ,HW,   78
68,202201181543  ,LW,  -91
69,202201182154  ,HW,  100
70,202201190412  ,LW,  -90
71,202201191012  ,HW,   77
72,202201191621  ,LW,  -95
73,202201192230  ,HW,  103
74,202201200450  ,LW,  -94
75,202201201047  ,HW,   76
76,202201201657  ,LW,  -99
77,202201202305  ,HW,  105
78,202201210528  ,LW,  -97
79,202201211122  ,HW,   73
80,202201211734  ,LW, -101
81,202201212340  ,HW,  105
82,202201220605  ,LW,  -98
83,202201221156  ,HW,   70
84,202201221810  ,LW, -103
85,202201230015  ,HW,  104
86,202201230643  ,LW,  -97
87,202201231231  ,HW,   66
88,202201231848  ,LW, -102
89,202201240053  ,HW,  102
90,202201240721  ,LW,  -93
91,202201241309  ,HW,   62
92,202201241929  ,LW, -100
93,202201250134  ,HW,   97
94,202201250803  ,LW,  -89
95,202201251352  ,HW,   59
96,202201252014  ,LW,  -96
97,202201260221  ,HW,   90
98,202201260850  ,LW,  -83
99,202201261443  ,HW,   57
100,202201262106  ,LW,  -90
101,202201270320  ,HW,   82
102,202201270948  ,LW,  -77
103,202201271551  ,HW,   56
104,202201272212  ,LW,  -84
105,202201280440  ,HW,   76
106,202201281059  ,LW,  -75
107,202201281713  ,HW,   62
108,202201282333  ,LW,  -83
109,202201290601  ,HW,   76
110,202201291214  ,LW,  -78
111,202201291833  ,HW,   74
112,202201300053  ,LW,  -89
113,202201300715  ,HW,   80
114,202201301328  ,LW,  -85
115,202201301944  ,HW,   88
116,202201310210  ,LW, -100
117,202201310820  ,HW,   83
118,202201311434  ,LW,  -95
119,202201312044  ,HW,  102
120,202202010312  ,LW, -111
121,202202010919  ,HW,   84
122,202202011528  ,LW, -105
123,202202012139  ,HW,  112
124,202202020404  ,LW, -119
125,202202021011  ,HW,   82
126,202202021616  ,LW, -112
127,202202022228  ,HW,  117
128,202202030449  ,LW, -121
129,202202031057  ,HW,   79
130,202202031659  ,LW, -118
131,202202032312  ,HW,  119
132,202202040532  ,LW, -120
133,202202041138  ,HW,   75
134,202202041739  ,LW, -121
135,202202042353  ,HW,  117
136,202202050611  ,LW, -115
137,202202051215  ,HW,   71
138,202202051817  ,LW, -121
139,202202060032  ,HW,  111
140,202202060648  ,LW, -107
141,202202061250  ,HW,   67
142,202202061853  ,LW, -117
143,202202070109  ,HW,  102
144,202202070723  ,LW,  -97
145,202202071324  ,HW,   63
146,202202071928  ,LW, -109
147,202202080145  ,HW,   90
148,202202080757  ,LW,  -87
149,202202081400  ,HW,   59
150,202202082003  ,LW,  -97
151,202202090223  ,HW,   77
152,202202090832  ,LW,  -76
153,202202091441  ,HW,   55
154,202202092042  ,LW,  -84
155,202202100306  ,HW,   65
156,202202100915  ,LW,  -67
157,202202101532  ,HW,   52
158,202202102134  ,LW,  -70
159,202202110403  ,HW,   55
160,202202111023  ,LW,  -60
161,202202111638  ,HW,   52
162,202202112308  ,LW,  -62
163,202202120520  ,HW,   51
164,202202121150  ,LW,  -62
165,202202121806  ,HW,   58
166,202202130029  ,LW,  -67
167,202202130653  ,HW,   56
168,202202131259  ,LW,  -72
169,202202131922  ,HW,   71
170,202202140136  ,LW,  -77
171,202202140752  ,HW,   64
172,202202141357  ,LW,  -83
173,202202142013  ,HW,   83
174,202202150230  ,LW,  -88
175,202202150838  ,HW,   70
176,202202151444  ,LW,  -93
177,202202152056  ,HW,   92
178,202202160314  ,LW,  -97
179,202202160920  ,HW,   74
180,202202161526  ,LW, -100
181,202202162136  ,HW,   98
182,202202170355  ,LW, -105
183,202202170959  ,HW,   75
184,202202171606  ,LW, -107
185,202202172214  ,HW,  102
186,202202180434  ,LW, -111
187,202202181036  ,HW,   75
188,202202181644  ,LW, -112
189,202202182250  ,HW,  104
190,202202190512  ,LW, -114
191,202202191110  ,HW,   73
192,202202191721  ,LW, -117
193,202202192324  ,HW,  105
194,202202200549  ,LW, -115
195,202202201141  ,HW,   71
196,202202201757  ,LW, -119
197,202202202357  ,HW,  103
198,202202210625  ,LW, -111
199,202202211211  ,HW,   68
200,202202211834  ,LW, -118
201,202202220032  ,HW,   98
202,202202220701  ,LW, -105
203,202202221245  ,HW,   67
204,202202221911  ,LW, -115
205,202202230110  ,HW,   91
206,202202230738  ,LW,  -98
207,202202231324  ,HW,   64
208,202202231953  ,LW, -109
209,202202240154  ,HW,   81
210,202202240820  ,LW,  -89
211,202202241412  ,HW,   62
212,202202242042  ,LW, -100
213,202202250251  ,HW,   69
214,202202250914  ,LW,  -79
215,202202251518  ,HW,   59
216,202202252148  ,LW,  -89
217,202202260413  ,HW,   59
218,202202261028  ,LW,  -72
219,202202261646  ,HW,   61
220,202202262317  ,LW,  -86
221,202202270547  ,HW,   58
222,202202271156  ,LW,  -75
223,202202271818  ,HW,   72
224,202202280048  ,LW,  -94
225,202202280706  ,HW,   64
226,202202281318  ,LW,  -87
227,202202281931  ,HW,   88
228,202203010204  ,LW, -110
229,202203010813  ,HW,   71
230,202203011422  ,LW, -102
231,202203012032  ,HW,  102
232,202203020300  ,LW, -122
233,202203020909  ,HW,   74
234,202203021514  ,LW, -114
235,202203022124  ,HW,  109
236,202203030348  ,LW, -128
237,202203030958  ,HW,   75
238,202203031559  ,LW, -122
239,202203032211  ,HW,  112
240,202203040430  ,LW, -127
241,202203041039  ,HW,   73
242,202203041639  ,LW, -128
243,202203042251  ,HW,  111
244,202203050509  ,LW, -123
245,202203051114  ,HW,   72
246,202203051717  ,LW, -130
247,202203052328  ,HW,  107
248,202203060544  ,LW, -118
249,202203061144  ,HW,   72
250,202203061751  ,LW, -130
251,202203070001  ,HW,  100
252,202203070615  ,LW, -111
253,202203071213  ,HW,   70
254,202203071823  ,LW, -125
255,202203080031  ,HW,   89
256,202203080644  ,LW, -103
257,202203081242  ,HW,   68
258,202203081854  ,LW, -116
259,202203090100  ,HW,   77
260,202203090711  ,LW,  -95
261,202203091312  ,HW,   65
262,202203091924  ,LW, -105
263,202203100130  ,HW,   66
264,202203100740  ,LW,  -87
265,202203101347  ,HW,   60
266,202203101958  ,LW,  -92
267,202203110207  ,HW,   54
268,202203110815  ,LW,  -78
269,202203111434  ,HW,   55
270,202203112041  ,LW,  -78
271,202203120259  ,HW,   44
272,202203120902  ,LW,  -67
273,202203121539  ,HW,   50
274,202203122145  ,LW,  -65
275,202203130416  ,HW,   37
276,202203131024  ,LW,  -59
277,202203131705  ,HW,   52
278,202203132350  ,LW,  -67
279,202203140604  ,HW,   41
280,202203141226  ,LW,  -69
281,202203141841  ,HW,   64
282,202203150106  ,LW,  -82
283,202203150724  ,HW,   53
284,202203151329  ,LW,  -84
285,202203151942  ,HW,   79
286,202203160203  ,LW,  -98
287,202203160815  ,HW,   64
288,202203161419  ,LW,  -98
289,202203162029  ,HW,   90
290,202203170249  ,LW, -110
291,202203170859  ,HW,   70
292,202203171503  ,LW, -108
293,202203172111  ,HW,   96
294,202203180331  ,LW, -119
295,202203180940  ,HW,   73
296,202203181544  ,LW, -116
297,202203182152  ,HW,  100
298,202203190412  ,LW, -124
299,202203191018  ,HW,   74
300,202203191623  ,LW, -123
301,202203192230  ,HW,  101
302,202203200450  ,LW, -126
303,202203201053  ,HW,   73
304,202203201702  ,LW, -127
305,202203202306  ,HW,  100
306,202203210527  ,LW, -125
307,202203211124  ,HW,   72
308,202203211739  ,LW, -130
309,202203212339  ,HW,   96
310,202203220604  ,LW, -120
311,202203221153  ,HW,   72
312,202203221817  ,LW, -128
313,202203230014  ,HW,   89
314,202203230639  ,LW, -112
315,202203231226  ,HW,   72
316,202203231855  ,LW, -124
317,202203240052  ,HW,   80
318,202203240715  ,LW, -104
319,202203241307  ,HW,   71
320,202203241937  ,LW, -115
321,202203250139  ,HW,   68
322,202203250756  ,LW,  -93
323,202203251359  ,HW,   68
324,202203252028  ,LW, -103
325,202203260240  ,HW,   54
326,202203260850  ,LW,  -81
327,202203261506  ,HW,   64
328,202203262139  ,LW,  -92
329,202203270504  ,HW,   44
330,202203271109  ,LW,  -73
331,202203271734  ,HW,   65
332,202203280015  ,LW,  -91
333,202203280637  ,HW,   45
334,202203281246  ,LW,  -78
335,202203281904  ,HW,   76
336,202203290143  ,LW, -104
337,202203290757  ,HW,   54
338,202203291405  ,LW,  -94
339,202203292016  ,HW,   89
340,202203300250  ,LW, -120
341,202203300902  ,HW,   63
342,202203301505  ,LW, -110
343,202203302115  ,HW,   99
344,202203310342  ,LW, -129
345,202203310955  ,HW,   67
346,202203311555  ,LW, -121
347,202203312205  ,HW,  103
348,202204010427  ,LW, -130
349,202204011039  ,HW,   69
350,202204011638  ,LW, -126
351,202204012248  ,HW,  102
352,202204020506  ,LW, -126
353,202204021114  ,HW,   69
354,202204021716  ,LW, -129
355,202204022325  ,HW,   98
356,202204030541  ,LW, -121
357,202204031143  ,HW,   71
358,202204031751  ,LW, -130
359,202204032356  ,HW,   93
360,202204040612  ,LW, -116
361,202204041209  ,HW,   74
362,202204041823  ,LW, -128
363,202204050025  ,HW,   86
364,202204050640  ,LW, -112
365,202204051237  ,HW,   75
366,202204051853  ,LW, -124
367,202204060053  ,HW,   76
368,202204060706  ,LW, -108
369,202204061306  ,HW,   74
370,202204061922  ,LW, -116
371,202204070122  ,HW,   66
372,202204070733  ,LW, -102
373,202204071337  ,HW,   70
374,202204071951  ,LW, -106
375,202204080152  ,HW,   56
376,202204080801  ,LW,  -96
377,202204081411  ,HW,   65
378,202204082024  ,LW,  -96
379,202204090229  ,HW,   46
380,202204090835  ,LW,  -88
381,202204091455  ,HW,   60
382,202204092106  ,LW,  -85
383,202204100318  ,HW,   37
384,202204100919  ,LW,  -78
385,202204101553  ,HW,   54
386,202204102203  ,LW,  -74
387,202204110429  ,HW,   30
388,202204111022  ,LW,  -68
389,202204111716  ,HW,   53
390,202204112357  ,LW,  -71
391,202204120612  ,HW,   33
392,202204121235  ,LW,  -67
393,202204121852  ,HW,   62
394,202204130127  ,LW,  -87
395,202204130742  ,HW,   46
396,202204131351  ,LW,  -84
397,202204132001  ,HW,   76
398,202204140226  ,LW, -105
399,202204140840  ,HW,   58
400,202204141445  ,LW,  -99
401,202204142053  ,HW,   88
402,202204150316  ,LW, -118
403,202204150927  ,HW,   67
404,202204151532  ,LW, -110
405,202204152140  ,HW,   94
406,202204160401  ,LW, -125
407,202204161011  ,HW,   71
408,202204161616  ,LW, -119
409,202204162223  ,HW,   97
410,202204170443  ,LW, -129
411,202204171052  ,HW,   73
412,202204171658  ,LW, -126
413,202204172305  ,HW,   96
414,202204180524  ,LW, -129
415,202204181130  ,HW,   75
416,202204181740  ,LW, -131
417,202204182345  ,HW,   92
418,202204190603  ,LW, -127
419,202204191204  ,HW,   76
420,202204191820  ,LW, -134
421,202204200022  ,HW,   87
422,202204200641  ,LW, -122
423,202204201238  ,HW,   78
424,202204201900  ,LW, -132
425,202204210101  ,HW,   79
426,202204210718  ,LW, -115
427,202204211315  ,HW,   80
428,202204211942  ,LW, -126
429,202204220144  ,HW,   68
430,202204220757  ,LW, -107
431,202204221400  ,HW,   79
432,202204222028  ,LW, -117
433,202204230235  ,HW,   56
434,202204230842  ,LW,  -97
435,202204231455  ,HW,   76
436,202204232123  ,LW, -106
437,202204240337  ,HW,   44
438,202204240938  ,LW,  -86
439,202204241602  ,HW,   73
440,202204242238  ,LW,  -97
441,202204250455  ,HW,   37
442,202204251057  ,LW,  -80
443,202204251723  ,HW,   74
444,202204260005  ,LW, -100
445,202204260622  ,HW,   40
446,202204261227  ,LW,  -86
447,202204261845  ,HW,   81
448,202204270124  ,LW, -111
449,202204270739  ,HW,   48
450,202204271341  ,LW,  -99
451,202204271954  ,HW,   90
452,202204280226  ,LW, -121
453,202204280841  ,HW,   57
454,202204281441  ,LW, -112
455,202204282052  ,HW,   94
456,202204290317  ,LW, -125
457,202204290932  ,HW,   62
458,202204291530  ,LW, -119
459,202204292141  ,HW,   94
460,202204300400  ,LW, -123
461,202204301013  ,HW,   65
462,202204301614  ,LW, -122
463,202204302221  ,HW,   90
464,202205010438  ,LW, -118
465,202205011045  ,HW,   68
466,202205011652  ,LW, -122
467,202205012255  ,HW,   85
468,202205020511  ,LW, -114
469,202205021112  ,HW,   73
470,202205021726  ,LW, -121
471,202205022325  ,HW,   79
472,202205030540  ,LW, -112
473,202205031139  ,HW,   77
474,202205031756  ,LW, -119
475,202205032354  ,HW,   73
476,202205040607  ,LW, -111
477,202205041209  ,HW,   79
478,202205041826  ,LW, -115
479,202205050024  ,HW,   66
480,202205050634  ,LW, -109
481,202205051241  ,HW,   78
482,202205051856  ,LW, -109
483,202205060055  ,HW,   57
484,202205060702  ,LW, -105
485,202205061314  ,HW,   75
486,202205061927  ,LW, -102
487,202205070128  ,HW,   49
488,202205070732  ,LW, -100
489,202205071349  ,HW,   71
490,202205072001  ,LW,  -95
491,202205080206  ,HW,   41
492,202205080807  ,LW,  -95
493,202205081432  ,HW,   66
494,202205082043  ,LW,  -89
495,202205090255  ,HW,   35
496,202205090853  ,LW,  -87
497,202205091525  ,HW,   63
498,202205092139  ,LW,  -82
499,202205100358  ,HW,   30
500,202205100952  ,LW,  -79
501,202205101636  ,HW,   61
502,202205102259  ,LW,  -81
503,202205110530  ,HW,   32
504,202205111112  ,LW,  -75
505,202205111805  ,HW,   67
506,202205120036  ,LW,  -91
507,202205120651  ,HW,   42
508,202205121254  ,LW,  -83
509,202205121915  ,HW,   77
510,202205130140  ,LW, -106
511,202205130754  ,HW,   53
512,202205131359  ,LW,  -96
513,202205132012  ,HW,   86
514,202205140235  ,LW, -117
515,202205140848  ,HW,   63
516,202205141454  ,LW, -108
517,202205142103  ,HW,   91
518,202205150325  ,LW, -123
519,202205150936  ,HW,   70
520,202205151544  ,LW, -117
521,202205152152  ,HW,   92
522,202205160412  ,LW, -125
523,202205161022  ,HW,   75
524,202205161632  ,LW, -124
525,202205162239  ,HW,   90
526,202205170456  ,LW, -125
527,202205171104  ,HW,   79
528,202205171718  ,LW, -129
529,202205172324  ,HW,   86
530,202205180539  ,LW, -124
531,202205181145  ,HW,   84
532,202205181803  ,LW, -132
533,202205190008  ,HW,   79
534,202205190620  ,LW, -120
535,202205191226  ,HW,   87
536,202205191848  ,LW, -130
537,202205200052  ,HW,   70
538,202205200702  ,LW, -116
539,202205201309  ,HW,   90
540,202205201934  ,LW, -126
541,202205210139  ,HW,   61
542,202205210746  ,LW, -110
543,202205211357  ,HW,   90
544,202205212024  ,LW, -118
545,202205220231  ,HW,   51
546,202205220833  ,LW, -103
547,202205221451  ,HW,   88
548,202205222120  ,LW, -110
549,202205230330  ,HW,   43
550,202205230929  ,LW,  -95
551,202205231553  ,HW,   85
552,202205232226  ,LW, -104
553,202205240438  ,HW,   39
554,202205241037  ,LW,  -91
555,202205241704  ,HW,   84
556,202205242339  ,LW, -104
557,202205250553  ,HW,   40
558,202205251154  ,LW,  -92
559,202205251817  ,HW,   85
560,202205260049  ,LW, -107
561,202205260706  ,HW,   46
562,202205261305  ,LW,  -99
563,202205261924  ,HW,   87
564,202205270152  ,LW, -112
565,202205270808  ,HW,   54
566,202205271408  ,LW, -106
567,202205272022  ,HW,   87
568,202205280244  ,LW, -113
569,202205280859  ,HW,   61
570,202205281501  ,LW, -110
571,202205282112  ,HW,   84
572,202205290329  ,LW, -111
573,202205290941  ,HW,   66
574,202205291547  ,LW, -111
575,202205292154  ,HW,   79
576,202205300408  ,LW, -108
577,202205301016  ,HW,   71
578,202205301627  ,LW, -110
579,202205302229  ,HW,   74
580,202205310441  ,LW, -106
581,202205311047  ,HW,   77
582,202205311702  ,LW, -109
583,202205312301  ,HW,   70
584,202206010511  ,LW, -106
585,202206011118  ,HW,   82
586,202206011735  ,LW, -107
587,202206012332  ,HW,   65
588,202206020541  ,LW, -107
589,202206021150  ,HW,   84
590,202206021807  ,LW, -105
591,202206030004  ,HW,   60
592,202206030611  ,LW, -107
593,202206031224  ,HW,   83
594,202206031839  ,LW, -102
595,202206040038  ,HW,   54
596,202206040643  ,LW, -104
597,202206041259  ,HW,   81
598,202206041912  ,LW,  -98
599,202206050113  ,HW,   48
600,202206050715  ,LW, -102
601,202206051335  ,HW,   78
602,202206051949  ,LW,  -95
603,202206060152  ,HW,   43
604,202206060753  ,LW,  -98
605,202206061416  ,HW,   76
606,202206062031  ,LW,  -92
607,202206070238  ,HW,   38
608,202206070838  ,LW,  -94
609,202206071503  ,HW,   73
610,202206072122  ,LW,  -90
611,202206080332  ,HW,   35
612,202206080932  ,LW,  -89
613,202206081601  ,HW,   72
614,202206082224  ,LW,  -90
615,202206090444  ,HW,   36
616,202206091035  ,LW,  -86
617,202206091716  ,HW,   73
618,202206092338  ,LW,  -93
619,202206100601  ,HW,   42
620,202206101151  ,LW,  -87
621,202206101828  ,HW,   78
622,202206110049  ,LW, -101
623,202206110707  ,HW,   51
624,202206111307  ,LW,  -94
625,202206111931  ,HW,   84
626,202206120150  ,LW, -109
627,202206120806  ,HW,   62
628,202206121413  ,LW, -103
629,202206122028  ,HW,   87
630,202206130247  ,LW, -114
631,202206130901  ,HW,   72
632,202206131513  ,LW, -112
633,202206132124  ,HW,   88
634,202206140341  ,LW, -116
635,202206140953  ,HW,   80
636,202206141609  ,LW, -118
637,202206142217  ,HW,   85
638,202206150432  ,LW, -117
639,202206151043  ,HW,   88
640,202206151701  ,LW, -124
641,202206152309  ,HW,   81
642,202206160520  ,LW, -117
643,202206161131  ,HW,   94
644,202206161751  ,LW, -127
645,202206162358  ,HW,   74
646,202206170606  ,LW, -117
647,202206171217  ,HW,   99
648,202206171839  ,LW, -127
649,202206180046  ,HW,   67
650,202206180651  ,LW, -117
651,202206181303  ,HW,  102
652,202206181927  ,LW, -125
653,202206190134  ,HW,   60
654,202206190736  ,LW, -115
655,202206191351  ,HW,  102
656,202206192016  ,LW, -120
657,202206200223  ,HW,   54
658,202206200823  ,LW, -112
659,202206201442  ,HW,  100
660,202206202106  ,LW, -113
661,202206210315  ,HW,   48
662,202206210912  ,LW, -106
663,202206211537  ,HW,   96
664,202206212200  ,LW, -106
665,202206220410  ,HW,   45
666,202206221007  ,LW, -100
667,202206221635  ,HW,   90
668,202206222300  ,LW,  -99
669,202206230511  ,HW,   44
670,202206231111  ,LW,  -95
671,202206231739  ,HW,   84
672,202206240003  ,LW,  -96
673,202206240618  ,HW,   46
674,202206241219  ,LW,  -93
675,202206241845  ,HW,   80
676,202206250105  ,LW,  -95
677,202206250724  ,HW,   53
678,202206251326  ,LW,  -94
679,202206251947  ,HW,   77
680,202206260203  ,LW,  -96
681,202206260822  ,HW,   61
682,202206261427  ,LW,  -96
683,202206262042  ,HW,   75
684,202206270253  ,LW,  -97
685,202206270910  ,HW,   70
686,202206271520  ,LW,  -98
687,202206272128  ,HW,   72
688,202206280337  ,LW,  -98
689,202206280951  ,HW,   77
690,202206281604  ,LW,  -98
691,202206282208  ,HW,   69
692,202206290415  ,LW,  -99
693,202206291027  ,HW,   83
694,202206291643  ,LW,  -98
695,202206292243  ,HW,   66
696,202206300450  ,LW, -100
697,202206301102  ,HW,   87
698,202206301719  ,LW,  -98
699,202206302317  ,HW,   64
700,202207010524  ,LW, -102
701,202207011136  ,HW,   90
702,202207011754  ,LW,  -98
703,202207012351  ,HW,   61
704,202207020558  ,LW, -104
705,202207021211  ,HW,   91
706,202207021829  ,LW,  -99
707,202207030026  ,HW,   58
708,202207030632  ,LW, -104
709,202207031246  ,HW,   90
710,202207031905  ,LW,  -98
711,202207040101  ,HW,   54
712,202207040707  ,LW, -103
713,202207041321  ,HW,   89
714,202207041941  ,LW,  -97
715,202207050138  ,HW,   50
716,202207050744  ,LW, -102
717,202207051359  ,HW,   87
718,202207052020  ,LW,  -96
719,202207060218  ,HW,   47
720,202207060825  ,LW, -100
721,202207061440  ,HW,   85
722,202207062103  ,LW,  -95
723,202207070302  ,HW,   45
724,202207070911  ,LW,  -97
725,202207071527  ,HW,   82
726,202207072152  ,LW,  -93
727,202207080355  ,HW,   44
728,202207081004  ,LW,  -94
729,202207081624  ,HW,   79
730,202207082251  ,LW,  -91
731,202207090504  ,HW,   46
732,202207091107  ,LW,  -90
733,202207091740  ,HW,   77
734,202207100000  ,LW,  -92
735,202207100619  ,HW,   53
736,202207101223  ,LW,  -91
737,202207101853  ,HW,   79
738,202207110108  ,LW,  -95
739,202207110727  ,HW,   64
740,202207111337  ,LW,  -96
741,202207111959  ,HW,   81
742,202207120213  ,LW, -100
743,202207120832  ,HW,   77
744,202207121448  ,LW, -103
745,202207122103  ,HW,   83
746,202207130317  ,LW, -104
747,202207130932  ,HW,   89
748,202207131554  ,LW, -112
749,202207132203  ,HW,   82
750,202207140416  ,LW, -108
751,202207141028  ,HW,   99
752,202207141651  ,LW, -119
753,202207142259  ,HW,   79
754,202207150507  ,LW, -113
755,202207151120  ,HW,  106
756,202207151742  ,LW, -124
757,202207152351  ,HW,   75
758,202207160554  ,LW, -117
759,202207161208  ,HW,  111
760,202207161829  ,LW, -126
761,202207170039  ,HW,   70
762,202207170639  ,LW, -120
763,202207171255  ,HW,  113
764,202207171914  ,LW, -124
765,202207180124  ,HW,   65
766,202207180722  ,LW, -121
767,202207181340  ,HW,  112
768,202207181958  ,LW, -119
769,202207190206  ,HW,   61
770,202207190805  ,LW, -119
771,202207191425  ,HW,  107
772,202207192042  ,LW, -110
773,202207200249  ,HW,   57
774,202207200847  ,LW, -113
775,202207201510  ,HW,   99
776,202207202126  ,LW, -100
777,202207210334  ,HW,   53
778,202207210932  ,LW, -103
779,202207211558  ,HW,   89
780,202207212213  ,LW,  -89
781,202207220421  ,HW,   51
782,202207221022  ,LW,  -92
783,202207221651  ,HW,   77
784,202207222308  ,LW,  -80
785,202207230516  ,HW,   50
786,202207231128  ,LW,  -82
787,202207231753  ,HW,   68
788,202207240011  ,LW,  -76
789,202207240627  ,HW,   53
790,202207241240  ,LW,  -77
791,202207241908  ,HW,   65
792,202207250116  ,LW,  -77
793,202207250743  ,HW,   62
794,202207251351  ,LW,  -79
795,202207252014  ,HW,   66
796,202207260217  ,LW,  -82
797,202207260841  ,HW,   73
798,202207261454  ,LW,  -84
799,202207262106  ,HW,   68
800,202207270310  ,LW,  -87
801,202207270928  ,HW,   83
802,202207271544  ,LW,  -88
803,202207272150  ,HW,   69
804,202207280354  ,LW,  -92
805,202207281009  ,HW,   90
806,202207281626  ,LW,  -91
807,202207282229  ,HW,   69
808,202207290434  ,LW,  -95
809,202207291046  ,HW,   94
810,202207291704  ,LW,  -94
811,202207292305  ,HW,   68
812,202207300511  ,LW,  -99
813,202207301121  ,HW,   97
814,202207301741  ,LW,  -97
815,202207302340  ,HW,   68
816,202207310547  ,LW, -102
817,202207311156  ,HW,   99
818,202207311817  ,LW, -100
819,202208010014  ,HW,   66
820,202208010622  ,LW, -104
821,202208011230  ,HW,  100
822,202208011852  ,LW, -101
823,202208020047  ,HW,   64
824,202208020656  ,LW, -105
825,202208021303  ,HW,   98
826,202208021927  ,LW, -100
827,202208030119  ,HW,   61
828,202208030731  ,LW, -105
829,202208031337  ,HW,   96
830,202208032002  ,LW,  -97
831,202208040152  ,HW,   59
832,202208040808  ,LW, -103
833,202208041413  ,HW,   92
834,202208042039  ,LW,  -94
835,202208050229  ,HW,   57
836,202208050849  ,LW, -100
837,202208051454  ,HW,   87
838,202208052121  ,LW,  -89
839,202208060313  ,HW,   56
840,202208060936  ,LW,  -95
841,202208061544  ,HW,   80
842,202208062212  ,LW,  -83
843,202208070412  ,HW,   56
844,202208071034  ,LW,  -88
845,202208071654  ,HW,   73
846,202208072317  ,LW,  -78
847,202208080533  ,HW,   59
848,202208081152  ,LW,  -83
849,202208081823  ,HW,   71
850,202208090035  ,LW,  -78
851,202208090658  ,HW,   70
852,202208091316  ,LW,  -86
853,202208091942  ,HW,   74
854,202208100152  ,LW,  -83
855,202208100813  ,HW,   85
856,202208101438  ,LW,  -96
857,202208102052  ,HW,   78
858,202208110305  ,LW,  -93
859,202208110918  ,HW,   99
860,202208111546  ,LW, -108
861,202208112154  ,HW,   81
862,202208120404  ,LW, -103
863,202208121015  ,HW,  111
864,202208121641  ,LW, -118
865,202208122250  ,HW,   81
866,202208130454  ,LW, -111
867,202208131107  ,HW,  117
868,202208131729  ,LW, -123
869,202208132340  ,HW,   79
870,202208140540  ,LW, -117
871,202208141155  ,HW,  120
872,202208141813  ,LW, -122
873,202208150024  ,HW,   76
874,202208150622  ,LW, -121
875,202208151239  ,HW,  120
876,202208151854  ,LW, -119
877,202208160104  ,HW,   73
878,202208160702  ,LW, -122
879,202208161319  ,HW,  115
880,202208161933  ,LW, -111
881,202208170140  ,HW,   70
882,202208170740  ,LW, -119
883,202208171358  ,HW,  107
884,202208172010  ,LW, -101
885,202208180215  ,HW,   67
886,202208180817  ,LW, -111
887,202208181435  ,HW,   95
888,202208182045  ,LW,  -89
889,202208190250  ,HW,   64
890,202208190853  ,LW,  -99
891,202208191513  ,HW,   82
892,202208192121  ,LW,  -78
893,202208200330  ,HW,   60
894,202208200933  ,LW,  -84
895,202208201555  ,HW,   69
896,202208202202  ,LW,  -66
897,202208210419  ,HW,   57
898,202208211023  ,LW,  -69
899,202208211649  ,HW,   58
900,202208212304  ,LW,  -57
901,202208220521  ,HW,   57
902,202208221152  ,LW,  -59
903,202208221809  ,HW,   52
904,202208230033  ,LW,  -57
905,202208230657  ,HW,   62
906,202208231317  ,LW,  -62
907,202208231948  ,HW,   57
908,202208240147  ,LW,  -66
909,202208240813  ,HW,   76
910,202208241430  ,LW,  -72
911,202208242046  ,HW,   66
912,202208250246  ,LW,  -77
913,202208250905  ,HW,   89
914,202208251523  ,LW,  -83
915,202208252132  ,HW,   72
916,202208260334  ,LW,  -86
917,202208260947  ,HW,   97
918,202208261605  ,LW,  -90
919,202208262212  ,HW,   75
920,202208270415  ,LW,  -92
921,202208271025  ,HW,  102
922,202208271644  ,LW,  -95
923,202208272249  ,HW,   77
924,202208280453  ,LW,  -97
925,202208281102  ,HW,  105
926,202208281721  ,LW, -100
927,202208282325  ,HW,   77
928,202208290529  ,LW, -101
929,202208291137  ,HW,  107
930,202208291757  ,LW, -103
931,202208292359  ,HW,   76
932,202208300605  ,LW, -104
933,202208301211  ,HW,  107
934,202208301832  ,LW, -103
935,202208310029  ,HW,   74
936,202208310639  ,LW, -105
937,202208311242  ,HW,  104
938,202208311906  ,LW, -100
939,202209010056  ,HW,   72
940,202209010714  ,LW, -105
941,202209011313  ,HW,  100
942,202209011940  ,LW,  -95
943,202209020125  ,HW,   71
944,202209020750  ,LW, -102
945,202209021347  ,HW,   95
946,202209022014  ,LW,  -89
947,202209030200  ,HW,   71
948,202209030828  ,LW,  -97
949,202209031427  ,HW,   87
950,202209032052  ,LW,  -81
951,202209040244  ,HW,   70
952,202209040913  ,LW,  -89
953,202209041518  ,HW,   76
954,202209042140  ,LW,  -72
955,202209050344  ,HW,   68
956,202209051012  ,LW,  -79
957,202209051630  ,HW,   66
958,202209052245  ,LW,  -63
959,202209060507  ,HW,   69
960,202209061136  ,LW,  -72
961,202209061808  ,HW,   62
962,202209070015  ,LW,  -62
963,202209070643  ,HW,   79
964,202209071311  ,LW,  -79
965,202209071933  ,HW,   68
966,202209080143  ,LW,  -72
967,202209080800  ,HW,   95
968,202209081433  ,LW,  -94
969,202209082044  ,HW,   77
970,202209090254  ,LW,  -87
971,202209090904  ,HW,  110
972,202209091535  ,LW, -108
973,202209092145  ,HW,   82
974,202209100349  ,LW, -100
975,202209101000  ,HW,  119
976,202209101625  ,LW, -116
977,202209102237  ,HW,   84
978,202209110437  ,LW, -109
979,202209111050  ,HW,  123
980,202209111710  ,LW, -117
981,202209112322  ,HW,   83
982,202209120520  ,LW, -114
983,202209121135  ,HW,  123
984,202209121750  ,LW, -113
985,202209130001  ,HW,   82
986,202209130600  ,LW, -117
987,202209131214  ,HW,  118
988,202209131828  ,LW, -107
989,202209140034  ,HW,   81
990,202209140637  ,LW, -116
991,202209141250  ,HW,  111
992,202209141902  ,LW,  -99
993,202209150105  ,HW,   81
994,202209150712  ,LW, -111
995,202209151323  ,HW,  101
996,202209151934  ,LW,  -90
997,202209160134  ,HW,   79
998,202209160744  ,LW, -102
999,202209161353  ,HW,   88
1000,202209162002  ,LW,  -80
1001,202209170205  ,HW,   76
1002,202209170816  ,LW,  -89
1003,202209171424  ,HW,   75
1004,202209172031  ,LW,  -71
1005,202209180241  ,HW,   72
1006,202209180849  ,LW,  -75
1007,202209181500  ,HW,   63
1008,202209182105  ,LW,  -61
1009,202209190327  ,HW,   67
1010,202209190931  ,LW,  -60
1011,202209191550  ,HW,   52
1012,202209192149  ,LW,  -49
1013,202209200428  ,HW,   63
1014,202209201036  ,LW,  -46
1015,202209201704  ,HW,   45
1016,202209202313  ,LW,  -40
1017,202209210554  ,HW,   64
1018,202209211244  ,LW,  -48
1019,202209211913  ,HW,   50
1020,202209220116  ,LW,  -51
1021,202209220737  ,HW,   77
1022,202209221359  ,LW,  -64
1023,202209222019  ,HW,   64
1024,202209230218  ,LW,  -67
1025,202209230833  ,HW,   92
1026,202209231452  ,LW,  -79
1027,202209232106  ,HW,   75
1028,202209240306  ,LW,  -79
1029,202209240917  ,HW,  103
1030,202209241536  ,LW,  -90
1031,202209242147  ,HW,   82
1032,202209250348  ,LW,  -88
1033,202209250958  ,HW,  109
1034,202209251616  ,LW,  -97
1035,202209252226  ,HW,   85
1036,202209260428  ,LW,  -94
1037,202209261036  ,HW,  111
1038,202209261654  ,LW, -101
1039,202209262303  ,HW,   86
1040,202209270506  ,LW,  -98
1041,202209271113  ,HW,  112
1042,202209271731  ,LW, -103
1043,202209272337  ,HW,   85
1044,202209280543  ,LW, -102
1045,202209281148  ,HW,  110
1046,202209281807  ,LW, -101
1047,202209290008  ,HW,   84
1048,202209290619  ,LW, -103
1049,202209291220  ,HW,  106
1050,202209291842  ,LW,  -97
1051,202209300034  ,HW,   83
1052,202209300655  ,LW, -102
1053,202209301252  ,HW,  100
1054,202209301916  ,LW,  -90
1055,202210010104  ,HW,   84
1056,202210010732  ,LW,  -98
1057,202210011328  ,HW,   92
1058,202210011951  ,LW,  -83
1059,202210020142  ,HW,   84
1060,202210020812  ,LW,  -92
1061,202210021411  ,HW,   82
1062,202210022029  ,LW,  -74
1063,202210030231  ,HW,   82
1064,202210030859  ,LW,  -82
1065,202210031508  ,HW,   69
1066,202210032118  ,LW,  -63
1067,202210040335  ,HW,   80
1068,202210041003  ,LW,  -70
1069,202210041626  ,HW,   58
1070,202210042228  ,LW,  -53
1071,202210050458  ,HW,   80
1072,202210051135  ,LW,  -67
1073,202210051801  ,HW,   57
1074,202210060005  ,LW,  -54
1075,202210060631  ,HW,   90
1076,202210061307  ,LW,  -78
1077,202210061924  ,HW,   66
1078,202210070131  ,LW,  -68
1079,202210070745  ,HW,  105
1080,202210071420  ,LW,  -94
1081,202210072033  ,HW,   76
1082,202210080236  ,LW,  -85
1083,202210080847  ,HW,  117
1084,202210081516  ,LW, -106
1085,202210082130  ,HW,   83
1086,202210090330  ,LW,  -97
1087,202210090941  ,HW,  122
1088,202210091604  ,LW, -109
1089,202210092218  ,HW,   86
1090,202210100416  ,LW, -104
1091,202210101028  ,HW,  121
1092,202210101646  ,LW, -106
1093,202210102258  ,HW,   86
1094,202210110458  ,LW, -107
1095,202210111109  ,HW,  117
1096,202210111724  ,LW, -100
1097,202210112331  ,HW,   88
1098,202210120536  ,LW, -107
1099,202210121144  ,HW,  111
1100,202210121758  ,LW,  -94
1101,202210130000  ,HW,   90
1102,202210130611  ,LW, -105
1103,202210131216  ,HW,  103
1104,202210131829  ,LW,  -88
1105,202210140027  ,HW,   91
1106,202210140643  ,LW,  -99
1107,202210141245  ,HW,   92
1108,202210141856  ,LW,  -83
1109,202210150057  ,HW,   90
1110,202210150713  ,LW,  -90
1111,202210151313  ,HW,   81
1112,202210151922  ,LW,  -76
1113,202210160129  ,HW,   87
1114,202210160743  ,LW,  -79
1115,202210161343  ,HW,   69
1116,202210161951  ,LW,  -69
1117,202210170204  ,HW,   82
1118,202210170815  ,LW,  -67
1119,202210171419  ,HW,   59
1120,202210172024  ,LW,  -61
1121,202210180247  ,HW,   76
1122,202210180855  ,LW,  -55
1123,202210181506  ,HW,   50
1124,202210182105  ,LW,  -51
1125,202210190344  ,HW,   71
1126,202210190950  ,LW,  -44
1127,202210191615  ,HW,   43
1128,202210192204  ,LW,  -41
1129,202210200504  ,HW,   70
1130,202210201153  ,LW,  -42
1131,202210201758  ,HW,   46
1132,202210210025  ,LW,  -40
1133,202210210639  ,HW,   79
1134,202210211315  ,LW,  -58
1135,202210211933  ,HW,   60
1136,202210220136  ,LW,  -56
1137,202210220747  ,HW,   93
1138,202210221410  ,LW,  -75
1139,202210222027  ,HW,   74
1140,202210230228  ,LW,  -71
1141,202210230837  ,HW,  105
1142,202210231458  ,LW,  -88
1143,202210232112  ,HW,   83
1144,202210240314  ,LW,  -82
1145,202210240922  ,HW,  111
1146,202210241541  ,LW,  -96
1147,202210242153  ,HW,   88
1148,202210250356  ,LW,  -90
1149,202210251004  ,HW,  114
1150,202210251623  ,LW, -100
1151,202210252233  ,HW,   91
1152,202210260438  ,LW,  -95
1153,202210261045  ,HW,  113
1154,202210261702  ,LW, -100
1155,202210262310  ,HW,   92
1156,202210270518  ,LW,  -99
1157,202210271123  ,HW,  109
1158,202210271741  ,LW,  -98
1159,202210272344  ,HW,   93
1160,202210280558  ,LW, -101
1161,202210281200  ,HW,  104
1162,202210281818  ,LW,  -94
1163,202210290017  ,HW,   95
1164,202210290638  ,LW, -100
1165,202210291237  ,HW,   96
1166,202210291855  ,LW,  -88
1167,202210300052  ,HW,   97
1168,202210300619  ,LW,  -96
1169,202210301218  ,HW,   86
1170,202210301833  ,LW,  -81
1171,202210310035  ,HW,   97
1172,202210310704  ,LW,  -88
1173,202210311307  ,HW,   75
1174,202210311916  ,LW,  -72
1175,202211010128  ,HW,   95
1176,202211010756  ,LW,  -78
1177,202211011407  ,HW,   64
1178,202211012009  ,LW,  -62
1179,202211020232  ,HW,   93
1180,202211020904  ,LW,  -70
1181,202211021520  ,HW,   56
1182,202211022119  ,LW,  -55
1183,202211030350  ,HW,   93
1184,202211031029  ,LW,  -70
1185,202211031645  ,HW,   56
1186,202211032247  ,LW,  -58
1187,202211040512  ,HW,  100
1188,202211041149  ,LW,  -80
1189,202211041805  ,HW,   64
1190,202211050006  ,LW,  -70
1191,202211050623  ,HW,  109
1192,202211051256  ,LW,  -91
1193,202211051912  ,HW,   74
1194,202211060110  ,LW,  -83
1195,202211060724  ,HW,  116
1196,202211061351  ,LW,  -97
1197,202211062007  ,HW,   81
1198,202211070205  ,LW,  -92
1199,202211070817  ,HW,  116
1200,202211071438  ,LW,  -98
1201,202211072052  ,HW,   85
1202,202211080252  ,LW,  -96
1203,202211080903  ,HW,  113
1204,202211081519  ,LW,  -94
1205,202211082130  ,HW,   89
1206,202211090334  ,LW,  -97
1207,202211090942  ,HW,  107
1208,202211091556  ,LW,  -89
1209,202211092201  ,HW,   92
1210,202211100412  ,LW,  -95
1211,202211101015  ,HW,  101
1212,202211101628  ,LW,  -85
1213,202211102229  ,HW,   97
1214,202211110446  ,LW,  -92
1215,202211111045  ,HW,   93
1216,202211111656  ,LW,  -83
1217,202211112258  ,HW,   99
1218,202211120516  ,LW,  -88
1219,202211121114  ,HW,   85
1220,202211121723  ,LW,  -81
1221,202211122330  ,HW,   98
1222,202211130547  ,LW,  -81
1223,202211131144  ,HW,   75
1224,202211131752  ,LW,  -77
1225,202211140004  ,HW,   95
1226,202211140618  ,LW,  -72
1227,202211141216  ,HW,   66
1228,202211141822  ,LW,  -72
1229,202211150040  ,HW,   90
1230,202211150651  ,LW,  -64
1231,202211151253  ,HW,   58
1232,202211151856  ,LW,  -66
1233,202211160121  ,HW,   84
1234,202211160731  ,LW,  -57
1235,202211161339  ,HW,   51
1236,202211161937  ,LW,  -59
1237,202211170211  ,HW,   80
1238,202211170822  ,LW,  -50
1239,202211171438  ,HW,   46
1240,202211172031  ,LW,  -52
1241,202211180317  ,HW,   78
1242,202211180933  ,LW,  -48
1243,202211181603  ,HW,   47
1244,202211182141  ,LW,  -47
1245,202211190442  ,HW,   82
1246,202211191113  ,LW,  -57
1247,202211191727  ,HW,   56
1248,202211192326  ,LW,  -52
1249,202211200552  ,HW,   92
1250,202211201218  ,LW,  -72
1251,202211201832  ,HW,   68
1252,202211210035  ,LW,  -65
1253,202211210650  ,HW,  102
1254,202211211312  ,LW,  -84
1255,202211211926  ,HW,   79
1256,202211220130  ,LW,  -77
1257,202211220742  ,HW,  108
1258,202211221401  ,LW,  -92
1259,202211222014  ,HW,   88
1260,202211230220  ,LW,  -87
1261,202211230830  ,HW,  111
1262,202211231448  ,LW,  -96
1263,202211232100  ,HW,   94
1264,202211240308  ,LW,  -94
1265,202211240916  ,HW,  109
1266,202211241533  ,LW,  -97
1267,202211242142  ,HW,   98
1268,202211250355  ,LW,  -99
1269,202211251001  ,HW,  105
1270,202211251616  ,LW,  -96
1271,202211252223  ,HW,  102
1272,202211260440  ,LW, -101
1273,202211261045  ,HW,   99
1274,202211261658  ,LW,  -94
1275,202211262303  ,HW,  105
1276,202211270525  ,LW, -101
1277,202211271128  ,HW,   90
1278,202211271740  ,LW,  -91
1279,202211272345  ,HW,  108
1280,202211280611  ,LW,  -98
1281,202211281214  ,HW,   81
1282,202211281823  ,LW,  -86
1283,202211290032  ,HW,  109
1284,202211290700  ,LW,  -92
1285,202211291304  ,HW,   72
1286,202211291910  ,LW,  -80
1287,202211300125  ,HW,  108
1288,202211300753  ,LW,  -85
1289,202211301401  ,HW,   63
1290,202211302002  ,LW,  -74
1291,202212010224  ,HW,  105
1292,202212010855  ,LW,  -79
1293,202212011505  ,HW,   57
1294,202212012103  ,LW,  -69
1295,202212020332  ,HW,  103
1296,202212021004  ,LW,  -77
1297,202212021616  ,HW,   56
1298,202212022215  ,LW,  -68
1299,202212030444  ,HW,  103
1300,202212031114  ,LW,  -79
1301,202212031730  ,HW,   61
1302,202212032328  ,LW,  -73
1303,202212040553  ,HW,  105
1304,202212041219  ,LW,  -83
1305,202212041837  ,HW,   68
1306,202212050036  ,LW,  -80
1307,202212050655  ,HW,  106
1308,202212051317  ,LW,  -86
1309,202212051934  ,HW,   76
1310,202212060135  ,LW,  -86
1311,202212060750  ,HW,  104
1312,202212061407  ,LW,  -87
1313,202212062021  ,HW,   84
1314,202212070227  ,LW,  -89
1315,202212070837  ,HW,  100
1316,202212071450  ,LW,  -85
1317,202212072102  ,HW,   90
1318,202212080312  ,LW,  -89
1319,202212080918  ,HW,   95
1320,202212081528  ,LW,  -83
1321,202212082136  ,HW,   95
1322,202212090351  ,LW,  -88
1323,202212090952  ,HW,   90
1324,202212091601  ,LW,  -83
1325,202212092207  ,HW,  100
1326,202212100426  ,LW,  -85
1327,202212101023  ,HW,   84
1328,202212101631  ,LW,  -83
1329,202212102239  ,HW,  103
1330,202212110458  ,LW,  -82
1331,202212111054  ,HW,   78
1332,202212111701  ,LW,  -84
1333,202212112313  ,HW,  102
1334,202212120530  ,LW,  -78
1335,202212121126  ,HW,   72
1336,202212121732  ,LW,  -83
1337,202212122347  ,HW,  100
1338,202212130603  ,LW,  -74
1339,202212131200  ,HW,   66
1340,202212131805  ,LW,  -80
1341,202212140023  ,HW,   96
1342,202212140637  ,LW,  -70
1343,202212141236  ,HW,   60
1344,202212141840  ,LW,  -77
1345,202212150101  ,HW,   92
1346,202212150716  ,LW,  -67
1347,202212151317  ,HW,   55
1348,202212151920  ,LW,  -73
1349,202212160144  ,HW,   89
1350,202212160800  ,LW,  -65
1351,202212161404  ,HW,   52
1352,202212162007  ,LW,  -70
1353,202212170233  ,HW,   86
1354,202212170854  ,LW,  -64
1355,202212171505  ,HW,   50
1356,202212172103  ,LW,  -66
1357,202212180339  ,HW,   85
1358,202212180959  ,LW,  -65
1359,202212181624  ,HW,   53
1360,202212182210  ,LW,  -64
1361,202212190456  ,HW,   88
1362,202212191114  ,LW,  -72
1363,202212191735  ,HW,   62
1364,202212192331  ,LW,  -68
1365,202212200602  ,HW,   93
1366,202212201220  ,LW,  -81
1367,202212201838  ,HW,   73
1368,202212210041  ,LW,  -78
1369,202212210702  ,HW,   99
1370,202212211318  ,LW,  -88
1371,202212211935  ,HW,   84
1372,202212220144  ,LW,  -87
1373,202212220758  ,HW,  102
1374,202212221414  ,LW,  -93
1375,202212222028  ,HW,   94
1376,202212230242  ,LW,  -95
1377,202212230852  ,HW,  101
1378,202212231507  ,LW,  -96
1379,202212232119  ,HW,  102
1380,202212240337  ,LW, -101
1381,202212240944  ,HW,   98
1382,202212241556  ,LW,  -98
1383,202212242207  ,HW,  109
1384,202212250428  ,LW, -106
1385,202212251034  ,HW,   92
1386,202212251643  ,LW,  -99
1387,202212252253  ,HW,  113
1388,202212260517  ,LW, -108
1389,202212261121  ,HW,   85
1390,202212261729  ,LW, -100
1391,202212262339  ,HW,  116
1392,202212270605  ,LW, -108
1393,202212271209  ,HW,   78
1394,202212271814  ,LW, -100
1395,202212280027  ,HW,  117
1396,202212280652  ,LW, -104
1397,202212281256  ,HW,   71
1398,202212281900  ,LW,  -99
1399,202212290116  ,HW,  116
1400,202212290741  ,LW,  -98
1401,202212291346  ,HW,   65
1402,202212291948  ,LW,  -95
1403,202212300209  ,HW,  111
1404,202212300832  ,LW,  -90
1405,202212301439  ,HW,   60
1406,202212302038  ,LW,  -89
1407,202212310305  ,HW,  104
1408,202212310927  ,LW,  -82
1409,202212311536  ,HW,   56
1410,202212312136  ,LW,  -82
